<?xml version="1.0"?>
<!DOCTYPE hibernate-mapping PUBLIC "-//Hibernate/Hibernate Mapping DTD 3.0//EN"
"http://hibernate.org/dtd/hibernate-mapping-3.0.dtd">

<hibernate-mapping>
	<class name="com.journaldev.hibernate.model.ICFormFieldsBean" table="IC_FORM_FIELDS">
        <id name="icFormFieldsId" type="java.lang.String">
            <column name="IC_FORM_FIELDS_ID" />
            <generator class="sequence-identity" >
		        <param name="sequence">IC_FORM_FIELDS_SEQ</param>
		    </generator>
        </id>
        <property name="icMerchantMasterId" type="java.lang.String">
            <column name="IC_MERCHANT_MASTER_ID" />
        </property>
        <property name="fieldLabel" type="java.lang.String">
            <column name="FIELD_LABEL" />
        </property>
        <property name="fieldType" type="java.lang.String">
        	<column name="FIELD_TYPE" />
        </property>
        <property name="fieldValue" type="java.lang.String">
        	<column name="FIELD_VALUE" />
        </property>
        <property name="forDisplay" type="java.lang.String">
        	<column name="FOR_DISPLAY" />
        </property>
        <property name="forIdentification" type="java.lang.String">
        	<column name="FOR_IDENTIFICATION" />
        </property>
         <property name="filler1" type="java.lang.String">
        	<column name="FILLER_1" />
        </property>
         <property name="filler2" type="java.lang.String">
        	<column name="FILLER_2" />
        </property>
         <property name="filler3" type="java.lang.String">
        	<column name="FILLER_3" />
        </property>
          <property name="status" type="timestamp">
        	<column name="STATUS" />
        </property>
         <property name="createdOn" type="timestamp">
        	<column name="CREATED_ON" />
        </property>
         <property name="createdBy" type="java.lang.String">
        	<column name="CREATED_BY" />
        </property>
         <property name="modifiedOn" type="timestamp">
        	<column name="MODIFIED_ON" />
        </property>
        <property name="modifiedBy" type="java.lang.String">
        	<column name="MODIFIED_BY" />
        </property>
        <property name="orderOfField" type="java.lang.String">
        	<column name="ORDER_OF_FIELD" />
        </property>
        <property name="toPGAddnInfo" type="java.lang.String">
        	<column name="TO_PG_ADDL_INFO" />
        </property>
        <property name="fieldMapping" type="java.lang.String">
        	<column name="FF_MAPPING" />
        </property>
        <property name="isMandatory" type="java.lang.String">
        	<column name="IS_MANDATORY" />
        </property>
        <property name="forAuthentication" type="java.lang.String">
        	<column name="FOR_AUTHENTICATION" />
        </property>
    </class>
    
    <class name="com.journaldev.hibernate.model.ICFormFieldsValueBean" table="IC_CUSTOMER_FIELD_VALUE">
        <id name="icFormFieldsValueId" type="java.lang.String">
            <column name="IC_CUSTOMER_FIELD_VALUE_ID" />
            <generator class="sequence-identity" >
		        <param name="sequence">IC_CUSTOMER_FIELD_VALUE_SEQ</param>
		    </generator>
        </id>
        <property name="customerId" type="java.lang.String">
            <column name="IC_CUSTOMER_DETAILS_ID" />
        </property>
        <property name="icFormFieldsId" type="java.lang.String">
            <column name="IC_FORM_FIELDS_ID" />
        </property>
        <property name="userValue" type="java.lang.String">
        	<column name="VALUE" />
        </property>
         <property name="createdOn" type="timestamp">
        	<column name="CREATED_ON" />
        </property>
         <property name="createdBy" type="java.lang.String">
        	<column name="CREATED_BY" />
        </property>
         <property name="modifiedOn" type="timestamp">
        	<column name="MODIFIED_ON" />
        </property>
        <property name="modifiedBy" type="java.lang.String">
        	<column name="MODIFIED_BY" />
        </property>
         <property name="status" type="timestamp">
        	<column name="STATUS" />
        </property>
    </class>
</hibernate-mapping>
